{"\u043e\u0434\u0438\u043d": [1.5971693016562158, -5.45253789786642, 3.282674660027764, 2.2146115953529266, 3.564622927160092, 8.64778633859256, 0.9528651413360881, 11.174858563608227, 14.209230588216283, 7.112805363994964, 5.653310097422456, 15.844597473516435, 1.5476308345494723, -5.448496109216773, -2.141681005240619, -5.436996943684113, -15.864267869032103, -18.107487212370483, -13.758844204446548, -10.089459611150978, -6.444570118926898, -1.8686338825669961, -2.934481466734858, -8.853258850093066, -10.417581900142997, -11.629750180291493, -1.709929319528193, -1.1180094876137057, -10.153966277145633, -11.931069367115205, -3.4280301767468133], "\u0434\u0432\u0430": [7.4922401512024805, 0.9663368261729797, 1.0314791455301506, -2.5777969313865023, -2.2057485516462068, 2.1566195205374568, -4.1772331729622625, -2.4598030038587906, -5.3142405304868445, -1.8562354301613562, -6.673248439624278, -16.907659397021092, -11.165964770460922, -10.114176931936365, -5.310249173251121, -3.905029273613974, -0.3763452598685597, 0.18054253191704506, 2.2608120717552964, 4.032077494608158, -1.8941379187992187, -7.026716521154903, -6.194443144261951, -3.3996379114862263, 5.449429062734437, 5.856115084059367, -6.739393957846709, -3.418762561526772, -5.469940272896244, -0.7645835852425908, -1.914178601772266], "\u0442\u0440\u0438": [-16.277159910101965, 8.503376966311304, -3.992466760442726, -0.24391514949616122, 1.2763477796735718, -6.2629889640638545, 3.040564043147003, -2.4124417544904624, 0.8692227034635747, 2.320876707137146, 5.345122929669781, 11.146778275330433, 8.751040646169624, 12.59228364057735, 8.16130312873104, 8.572818536477552, 11.578079808075142, 11.643877937239177, 4.943681413542359, 1.5538866781224465, 10.535867424176283, 13.424930304643777, 14.678959555052398, 11.379767710801106, 6.052056062642915, 0.6061790494442274, 7.912217657327893, 0.7024587006502383, 10.83101823671905, 9.034715424082712, 8.903238773814051]}