{"\u043e\u0434\u0438\u043d": [1.3941816766807822, -11.115359606794545, 7.968634470810921, 2.046402576974436, 10.639132455678324, 0.6212405721984986, 6.3178416870018115, 21.008874056420133, 13.0938445510774, 9.877239744008143, 13.03208597907236, 22.02604699352642, 0.8316009874502344, -18.8115109649564, -6.963477473162242, -13.76073479125117, -11.2550180729837, -15.677091081397075, -17.35755770137311, -25.01722331004909, -8.778933722454864, 4.852858172195074, -4.4323164722900845, -5.100637347306105, -11.626876265396238, -18.504762735999503, -0.084617114245362, 10.183964610506502, -10.464818704813988, -20.296795326834026, -2.966192866210755], "\u0434\u0432\u0430": [8.077128739125301, 2.3208628109233778, -1.1489323523826795, -1.8453667807919734, -5.0041402686473955, 3.6329086140916838, -5.61486404967779, -3.890219801617788, -5.9241598751282645, -4.533914075408054, -4.613129478511723, -15.740230087291817, -9.907389329523037, -8.972331463140737, -4.201607124670177, -2.6072206775348965, 1.3684129369589257, 1.4052086564873696, 0.7666787011354652, 6.325123663098766, -1.2211446351604194, -6.234841111742263, -6.502900470834394, -5.082239770965257, 5.238434495494499, 5.515439844046877, -4.212926982112913, -8.505287467595583, -8.477693423553108, -1.6351732260032568, -2.733727360744438], "\u0442\u0440\u0438": [-16.83489298946106, 9.472700890139114, -1.5677824183242008, 3.1549672720969437, 1.8168216599337512, -4.0948183634801, 1.9269748554554298, -3.2287493993020178, 9.676065243796085, 8.275158087704062, 4.103986347076554, 8.080025756509542, 7.925192455299001, 16.43183900587739, 10.409788000147902, 8.436772005713859, 8.054677043046787, 8.111121493991032, 3.63121544475813, 5.19559942986348, 8.551183285675185, 6.134434842297113, 13.54687325690316, 8.7117439116475, 1.4236040373539256, -1.7216046730760284, 2.970594367387338, 5.623258336429985, 13.806133503776437, 8.666990820505687, 6.628710641374244]}